ACCELEROMETER X (m/s²),ACCELEROMETER Y (m/s²),ACCELEROMETER Z (m/s²),GRAVITY X (m/s²),GRAVITY Y (m/s²),GRAVITY Z (m/s²),LINEAR ACCELERATION X (m/s²),LINEAR ACCELERATION Y (m/s²),LINEAR ACCELERATION Z (m/s²),GYROSCOPE X (rad/s),GYROSCOPE Y (rad/s),GYROSCOPE Z (rad/s),LIGHT (lux),MAGNETIC FIELD X (μT),MAGNETIC FIELD Y (μT),MAGNETIC FIELD Z (μT),ORIENTATION Z (azimuth °),ORIENTATION X (pitch °),ORIENTATION Y (roll °),PROXIMITY (i),SOUND LEVEL (dB),LOCATION Latitude : ,LOCATION Longitude : ,LOCATION Altitude ( m),LOCATION Altitude-google ( m),LOCATION Speed ( Kmh),LOCATION Accuracy ( m),LOCATION ORIENTATION (°),Satellites in range,Time since start in ms,YYYY-MO-DD HH-MI-SS_SSS
0.917,3.008,7.86,-0.062,2.499,9.483,0.965,0.583,-1.385,-0.324,-0.097,0.007,57,3,18.4,-32.9,353.8,-16.8,0.1,2,37.06,35.77281,-78.6779,263.5,NaN,,69.46129,,0 / 19,10,2018-03-12 11:35:16:784
-0.524,1.246,11.494,-0.158,2.419,9.502,-0.227,-1.118,-1.083,-0.007,-0.33,0.056,24,0.1,9.6,-32.6,1.8,-14.3,1,2,38.2,35.77281,-78.6779,263.5,NaN,,69.46129,,0 / 19,509,2018-03-12 11:35:17:283
0.043,3.391,13.515,0.366,2.225,9.544,0.088,1.024,0.308,0.545,-0.054,-0.496,12,-2.7,19.1,-29,3.9,-11.4,-2.6,2,38.8,35.77281,-78.6779,263.5,NaN,,69.46129,,0 / 19,1009,2018-03-12 11:35:17:783
0.729,3.178,9.026,0.035,2.312,9.53,0.73,0.972,-0.329,-0.105,0.029,0.307,22,-3.5,7.9,-40.5,12.2,-12.2,-0.7,2,39.68,35.77281,-78.6779,263.5,NaN,,69.46129,,0 / 19,1509,2018-03-12 11:35:18:283
-0.462,2.384,9.273,-0.275,3.174,9.275,-0.638,-0.612,-0.751,-0.025,-0.243,0.038,19,-3.7,4,-38.6,17.5,-18.9,1.7,2,39.94,35.77281,-78.6779,263.5,NaN,,69.46129,,0 / 19,2009,2018-03-12 11:35:18:783
1.156,2.138,8.709,0.184,2.794,9.398,1.349,-1.473,-1.028,0.63,-0.382,-0.436,34,-9,2.7,-40.5,29.8,-16.6,-1.1,2,38.89,35.77281,-78.6779,263.5,NaN,,69.46129,,0 / 19,2509,2018-03-12 11:35:19:283
-0.651,4.94,8.964,-0.246,3.119,9.294,-0.237,1.347,0.057,0.054,0.192,0.457,27,-10.1,1.6,-43.5,37.7,-17.1,1.9,2,38.54,35.77281,-78.6779,263.5,NaN,,69.46129,,0 / 19,3010,2018-03-12 11:35:19:784
-0.561,4.266,7.729,0.268,3.612,9.113,-0.248,0.863,-0.418,-0.145,-0.256,-0.118,21,-8.3,-3.3,-48.3,26.5,-22.3,-0.4,2,39,35.77281,-78.6779,263.5,NaN,,69.46129,,0 / 19,3509,2018-03-12 11:35:20:283
-0.274,2.896,8.84,0.328,3.669,9.089,-0.29,-0.795,-0.238,0.111,0.187,0.08,16,-13.1,-4.9,-52,36.6,-22,-2.1,2,39.55,35.77281,-78.6779,263.5,NaN,,69.46129,,0 / 19,4010,2018-03-12 11:35:20:784
-0.427,3.02,13.183,0.342,2.933,9.352,-0.758,0.454,3.068,-0.291,-0.208,0.482,12,-15,-5.1,-59.4,44.6,-17.4,-2.1,2,39.69,35.77281,-78.6779,263.5,NaN,,69.46129,,0 / 19,4510,2018-03-12 11:35:21:284
-0.043,3.355,8.832,0.377,2.875,9.368,-0.412,0.512,-0.489,-0.227,0.082,0.114,9,-16,-1.1,-65.6,35.7,-17,-2.3,2,38.65,35.77281,-78.6779,263.5,NaN,,69.46129,,0 / 19,5010,2018-03-12 11:35:21:784
0.713,2.362,7.695,0.424,2.794,9.391,0.105,-0.212,-1.313,0.074,0.27,0.219,6,-20,-9.2,-64.7,59.3,-16.6,-2.6,2,39.6,35.77281,-78.6779,263.5,NaN,,69.46129,,0 / 19,5509,2018-03-12 11:35:22:283
-0.326,2.743,7.915,0.362,3.236,9.25,-0.486,-0.689,-0.281,0.137,-0.074,0.794,6,-17.9,-7.9,-63.7,51.9,-18.2,-1.8,2,38.87,35.77281,-78.6779,263.5,NaN,,69.46129,,0 / 19,6009,2018-03-12 11:35:22:783
1.972,2.192,7.792,1.188,3.25,9.176,0.518,-1.378,-0.737,0.919,-0.387,0.773,6,-15.8,-10.9,-62.7,35.2,-19.4,-7.4,2,42.3,35.77281,-78.6779,263.5,NaN,,69.46129,,0 / 19,6510,2018-03-12 11:35:23:284
0.666,2.888,9.03,1.503,2.622,9.329,-0.686,-0.375,-0.161,0.533,0.342,0.404,1,-7,2.4,-61.7,358.7,-15.3,-6.8,2,39.91,35.77281,-78.6779,263.5,NaN,,69.46129,,0 / 19,7010,2018-03-12 11:35:23:784
-0.282,2.242,16.66,1.509,2.531,9.354,-0.239,-0.035,-0.505,-0.63,-0.262,-0.754,6,2.5,2.2,-58.6,323.7,-15,-9.2,2,39.17,35.77281,-78.6779,263.5,NaN,,69.46129,,0 / 19,7510,2018-03-12 11:35:24:284
1.021,5.86,10.188,0.81,3.061,9.281,-0.928,-0.143,-0.112,0.076,0.064,0.365,4,3.4,-5.8,-56.7,318,-16.2,-6,2,39.69,35.77281,-78.6779,263.5,NaN,,69.46129,,0 / 19,8009,2018-03-12 11:35:24:783
0.211,4.283,9.259,0.137,3.74,9.065,0.23,-0.08,-1.3,-0.166,0.223,-0.363,4,12.3,-18.2,-55.3,288.4,-22.4,-0.9,2,40.35,35.77281,-78.6779,263.5,NaN,,69.46129,,0 / 19,8510,2018-03-12 11:35:25:284
0.257,3.219,7.242,-0.603,3.81,9.016,0.766,-0.364,-1.682,0.037,0.047,-0.225,3,19.1,-20.4,-47.5,266.5,-21.3,1.3,2,40.73,35.77281,-78.6779,263.5,NaN,,69.46129,,0 / 19,9009,2018-03-12 11:35:25:783
-0.887,3.176,10.679,-0.821,4.04,8.898,-0.109,-0.812,0.132,0.404,0.457,0.223,3,25.2,-22,-36.4,258.7,-24.3,5.3,2,40.53,35.77281,-78.6779,263.5,NaN,,69.46129,,0 / 19,9510,2018-03-12 11:35:26:284
1.25,2.763,8.546,-1.189,2.758,9.335,0.952,-0.008,1.879,-0.073,-0.039,-0.564,3,29.9,-18.9,-48.1,269.6,-20.4,5.6,2,40.35,35.77281,-78.6779,263.5,NaN,,69.46129,,0 / 19,10010,2018-03-12 11:35:26:784
-1.607,2.034,8.972,-1.156,3.268,9.174,-0.177,-1.268,2.891,0.345,0.307,-0.294,3,34.1,-9.1,-41.4,282.8,-19.5,7.2,2,39.75,35.77281,-78.6779,263.5,NaN,,69.46129,,0 / 19,10510,2018-03-12 11:35:27:284
-1.233,3.665,8.006,-0.334,3.055,9.313,-0.892,0.985,-0.817,-0.222,-0.413,-0.451,3,32.4,-1.1,-42.1,295.8,-19.8,4,2,38.98,35.77281,-78.6779,263.5,NaN,,69.46129,,0 / 19,11010,2018-03-12 11:35:27:784
-0.565,4.046,7.497,-0.699,3.722,9.046,0.033,0.256,-1.598,-0.006,0.148,0.186,3,27.1,2,-46.8,311.2,-22.3,4.4,2,39.85,35.77281,-78.6779,263.5,NaN,,69.46129,,0 / 19,11510,2018-03-12 11:35:28:284
-0.213,2.727,7.026,-0.553,3.429,9.171,0.318,-0.767,-0.967,0.164,-0.242,0.318,3,25.5,1.3,-44.4,308.9,-17.3,8.1,2,40.88,35.77281,-78.6779,263.5,NaN,,69.46129,,0 / 19,12010,2018-03-12 11:35:28:784
-1.142,2.12,9.529,-1.443,2.806,9.285,-0.669,0.563,3.416,-0.384,0.717,-0.793,4,21.1,-2.4,-46.7,312.3,-16.6,8.8,2,40.7,35.77281,-78.6779,263.5,NaN,,69.46129,,0 / 19,12509,2018-03-12 11:35:29:283
-0.318,3.566,9.007,-1.451,3.167,9.167,0.502,1.296,0.558,-0.005,0.512,0.163,3,23,-1.9,-45.3,305.9,-18.2,6.5,2,40.07,35.77281,-78.6779,263.5,NaN,,69.46129,,0 / 19,13010,2018-03-12 11:35:29:784
-0.575,4.072,8.127,-1.464,3.851,8.899,0.836,0.122,0.381,0.008,-0.607,-1.211,4,19.6,-6.7,-46.5,315.9,-23.1,9.3,2,40.68,35.77281,-78.6779,263.5,NaN,,69.46129,,0 / 18,13509,2018-03-12 11:35:30:283
-1.524,4.133,7.823,-1.548,3.605,8.988,-0.201,1.082,0.825,0.155,0.041,-0.352,3,14.7,-1.7,-46.6,331.9,-20.8,8.1,2,40.67,35.77281,-78.6779,263.5,NaN,,69.46129,,0 / 18,14011,2018-03-12 11:35:30:785
-0.128,2.923,8.378,-0.658,3.476,9.146,0.055,-0.494,-0.43,-0.279,-0.678,0.168,3,12.4,0.5,-49.9,336.1,-20.8,4.1,2,40.29,35.77281,-78.6779,263.5,NaN,,69.46129,,0 / 19,14510,2018-03-12 11:35:31:284
2.161,2.51,8.365,-0.207,3.408,9.193,0.915,-0.811,-0.895,-0.132,0.24,-0.363,3,12.3,-0.2,-48.4,329,-18,3.5,2,40.22,35.77281,-78.6779,263.5,NaN,,69.46129,,0 / 19,15010,2018-03-12 11:35:31:784
-0.886,3.087,8.271,-0.308,3.389,9.197,0.032,-0.511,-0.742,-0.317,-0.333,0.14,4,14.2,0.9,-47.4,324.4,-20.2,1.9,2,41,35.77281,-78.6779,263.5,NaN,,69.46129,,0 / 19,15510,2018-03-12 11:35:32:284
-1.109,3.373,14.656,0.087,2.752,9.412,-0.434,0.055,4.435,-0.208,-0.106,-0.33,3,14.3,6.4,-48.3,323,-16.3,-0.5,2,40.11,35.77281,-78.6779,263.5,NaN,,69.46129,,0 / 19,16010,2018-03-12 11:35:32:784
-0.827,4.494,9.563,-0.601,3.298,9.216,-0.215,1.239,0.873,-0.143,0.397,0.531,4,13.8,4.5,-49.3,333.3,-19.7,3.7,2,39.58,35.77281,-78.6779,263.5,NaN,,69.46129,,0 / 19,16509,2018-03-12 11:35:33:283
0.16,3.745,9.215,-0.212,3.231,9.257,0.202,0.586,0.473,-0.166,-0.026,-0.508,4,8.7,-0.3,-51.6,336.2,-21,0.8,2,38.87,35.77281,-78.6779,263.5,NaN,,69.46129,,0 / 19,17010,2018-03-12 11:35:33:784
-0.443,2.827,7.421,-0.926,3.215,9.218,0.413,-0.132,-1.646,0.096,-0.03,-0.372,4,4.4,-2.2,-51.2,4.3,-19.1,5.7,2,39.76,35.77281,-78.6779,263.5,NaN,,69.46129,,0 / 19,17509,2018-03-12 11:35:34:283
0.935,2.831,7.812,-0.108,3.42,9.19,0.744,-0.979,-2.308,-0.105,0.05,-0.259,4,-0.6,-4.9,-44.8,17.2,-21,3.2,2,40.5,35.77281,-78.6779,263.5,NaN,,69.46129,,0 / 19,18010,2018-03-12 11:35:34:784
1.138,1.847,8.308,-0.589,2.754,9.394,0.229,-0.616,-2.154,-0.056,-0.044,-0.637,6,-5.7,-0.7,-40.5,39.9,-16.3,3.6,2,39.87,35.77281,-78.6779,263.5,NaN,,69.46129,,0 / 19,18510,2018-03-12 11:35:35:284
-1.993,1.824,8.432,-0.825,2.287,9.5,-0.204,-0.137,2.848,0.137,0.723,0.301,7,-2.9,4.5,-40.4,24.6,-13.5,5,2,39.84,35.77281,-78.6779,263.5,NaN,,69.46129,,0 / 19,19010,2018-03-12 11:35:35:784
-0.379,2.388,11.402,-0.328,2.437,9.493,-0.266,0.754,1.351,-0.029,-0.306,-0.349,28,-0.5,7.9,-42.5,7.7,-14.4,2,2,41.11,35.77281,-78.6779,263.5,NaN,,69.46129,,0 / 19,19509,2018-03-12 11:35:36:283
-0.835,3.129,8.866,-0.257,3.088,9.304,-0.413,1.267,0.149,-0.207,0.136,0.475,127,-1.3,11,-46.3,5.7,-18.7,1.9,2,39.37,35.77281,-78.6779,263.5,NaN,,69.46129,,0 / 19,20009,2018-03-12 11:35:36:783
0.741,2.158,8.176,0.476,2.011,9.586,0.331,-0.02,-1.712,-0.206,0.018,0.717,391,3.5,10.4,-51,342.1,-11.8,-2.8,2,40.15,35.77281,-78.6779,263.5,NaN,,69.46129,,0 / 19,20510,2018-03-12 11:35:37:284
-1.109,3.071,7.583,-0.773,2.529,9.443,0.444,-1.261,0.117,0.554,0.921,-0.281,737,11.3,11.3,-50.9,317.1,-8.8,-7,2,40.84,35.77281,-78.6779,263.5,NaN,,69.46129,,0 / 19,21009,2018-03-12 11:35:37:783
-1.397,1.797,9.721,-0.368,1.906,9.613,-0.381,-0.556,-0.656,-0.268,-0.085,0.065,955,9.7,5.2,-51.6,332,-11.2,2.2,2,40.64,35.77281,-78.6779,263.5,NaN,,69.46129,,0 / 19,21510,2018-03-12 11:35:38:284
-0.19,2.402,9.742,-0.42,2.178,9.552,0.628,-0.277,0.25,0.147,-0.072,-0.525,876,10.6,5,-50.6,331.5,-13.1,2.3,2,41.42,35.77281,-78.6779,263.5,NaN,,69.46129,,0 / 19,22009,2018-03-12 11:35:38:783
-1.328,2.563,9.982,-0.612,2.346,9.502,-0.572,0.148,0.272,-0.224,-0.092,-0.191,756,10.6,9.7,-49.6,340.4,-13.8,3.7,2,40.22,35.77281,-78.6779,263.5,NaN,,69.46129,,0 / 19,22509,2018-03-12 11:35:39:283
0.234,2.211,9.546,0.006,1.744,9.65,0.877,0.393,-0.933,-0.307,-0.087,-0.353,734,8.2,10.8,-49,341.8,-12.1,1.2,2,45.08,35.77281,-78.6779,263.5,NaN,,69.46129,,0 / 19,23009,2018-03-12 11:35:39:783
-0.075,1.794,8.901,-0.093,1.496,9.691,0.15,1.318,0.181,0.49,-0.28,-0.156,604,-1.3,4.8,-42.1,8.1,-5.2,0.3,2,52.06,35.77281,-78.6779,263.5,NaN,,69.46129,,0 / 19,23510,2018-03-12 11:35:40:284
-0.309,1.33,9.845,0.108,1.974,9.605,-0.733,-0.596,0.49,0.277,0.064,0.636,476,2.6,-0.4,-49.3,340.2,-11.6,-0.6,2,53.32,35.77281,-78.6779,263.5,NaN,,69.46129,,0 / 19,24010,2018-03-12 11:35:40:784
1.61,1.643,9.077,1.654,1.167,9.595,0.304,0.686,-0.974,-0.482,0.285,-0.382,435,-4.8,5.1,-50.5,341.3,-6.8,-9.8,2,45.51,35.77281,-78.6779,263.5,NaN,,69.46129,,0 / 19,24509,2018-03-12 11:35:41:283
1.504,2.068,7.665,0.07,1.686,9.66,0.161,0.134,1.79,0.249,0.368,-0.534,523,-11.5,4.4,-52.5,37.8,-11,-1.3,2,50.35,35.77281,-78.6779,263.5,NaN,,69.46129,,0 / 19,25009,2018-03-12 11:35:41:783
-0.611,1.931,11.561,-0.739,2.344,9.494,-0.45,0.757,1.873,-0.13,-0.1,0.282,595,-9,-0.1,-57.8,44.6,-13.8,4.4,2,43.34,35.77281,-78.6779,263.5,NaN,,69.46129,,0 / 19,25510,2018-03-12 11:35:42:284
0.722,3.243,7.706,-0.379,3.227,9.253,0.369,0.468,0.533,0.104,0.361,-0.453,319,-14.9,-8.7,-54.4,59.7,-19.4,1.1,2,41.19,35.77281,-78.6779,263.5,NaN,,69.46129,,0 / 19,26010,2018-03-12 11:35:42:784
0.16,3.274,9.142,-0.196,2.347,9.52,0.289,0.509,-1.096,0.294,0.648,0.008,210,-2.2,-27.9,-53.2,168,-13.8,1.2,2,42.12,35.77281,-78.6779,263.5,NaN,,69.46129,,0 / 19,26510,2018-03-12 11:35:43:284
-1.13,2.358,6.799,-0.506,3.147,9.274,-0.37,-0.655,-2.147,-0.084,-0.393,-0.26,78,0.3,-32.3,-51,159.8,-17,6.5,2,40.94,35.77281,-78.6779,263.5,NaN,,69.46129,,0 / 19,27009,2018-03-12 11:35:43:783
-0.185,1.896,9.396,-0.627,2.738,9.396,0.373,-0.538,-1.629,0.026,-0.076,-0.293,45,4.6,-32.6,-46.9,185.7,-16.2,3.8,2,40.91,35.77281,-78.6779,263.5,NaN,,69.46129,,0 / 19,27510,2018-03-12 11:35:44:284
-0.807,2.393,8.539,-0.066,2.16,9.566,1.002,-0.612,-2.279,0.024,-0.084,0.128,33,-8.3,-33.3,-45.7,160.2,-10.4,0.9,2,40.74,35.77281,-78.6779,263.5,NaN,,69.46129,,0 / 19,28010,2018-03-12 11:35:44:784
1.603,1.647,9.237,0.588,2.212,9.536,0.208,-0.492,1.77,0.125,-0.286,-0.11,31,-8.8,-34.9,-34.1,165.3,-13,-3.5,2,41.96,35.77281,-78.6779,263.5,NaN,,69.46129,,0 / 19,28510,2018-03-12 11:35:45:284
-1.129,1.181,9.83,-0.188,2.078,9.582,-0.964,-2.046,4.304,0.095,0.202,0.596,36,-13.1,-29.6,-30.2,151.6,-12.8,-1.6,2,53.39,35.77281,-78.6779,263.5,NaN,,69.46129,,0 / 19,29010,2018-03-12 11:35:45:784
-0.112,3.189,11.323,-0.289,1.797,9.636,-0.155,-0.438,3.706,-0.063,0.384,0.414,90,-15.1,-14.2,-24,118.5,-13.6,-1.1,2,61.79,35.77281,-78.6779,263.5,NaN,,69.46129,,0 / 19,29509,2018-03-12 11:35:46:283
0.241,2.552,11.527,-0.62,1.607,9.654,-0.304,0.743,3.5,-0.784,0.324,1.212,175,-13.4,-13.2,-21.9,117,-15.1,1.5,2,44.88,35.77281,-78.6779,263.5,NaN,,69.46129,,0 / 19,30010,2018-03-12 11:35:46:784
4.033,1.4,8.321,3.392,0.139,9.2,0.34,1.067,-1.172,-0.396,-0.595,0.107,483,-12.3,2.2,-21,59.7,-0.8,-20.2,2,40.64,35.77281,-78.6779,263.5,NaN,,69.46129,,0 / 19,30509,2018-03-12 11:35:47:283
3.096,0.798,8.032,2.508,3.075,8.968,-1.276,-0.464,-2.198,0.348,-0.032,-0.253,647,-8.2,-0.3,-23.8,8.9,-18.3,-15.6,2,41.57,35.77281,-78.6779,263.5,NaN,,69.46129,,0 / 19,31009,2018-03-12 11:35:47:783
3.035,1.215,7.593,2.228,0.5,9.537,1.105,0.553,-2.197,-0.051,0.01,0.313,492,-10.7,5.4,-28.1,35.1,-5.5,-10.9,2,40.32,35.77281,-78.6779,263.5,NaN,,69.46129,,0 / 19,31510,2018-03-12 11:35:48:284
1.235,-0.052,8.291,0.858,2.002,9.562,-1.273,-0.236,-1.569,0.428,-0.027,-1.012,139,-9.7,3.6,-31.9,49.2,-2.3,-6.8,2,40.83,35.77281,-78.6779,263.5,NaN,,69.46129,,0 / 19,32010,2018-03-12 11:35:48:784
-1.484,3.836,4.748,-0.28,4.007,8.946,-2.131,-0.781,-0.006,1.241,-0.262,1.035,81,-7.2,-2.3,-30.6,36.6,-24.1,1.8,2,42.92,35.77281,-78.6779,263.5,NaN,,69.46129,,0 / 19,32510,2018-03-12 11:35:49:284
-0.058,4.314,11.127,-0.177,2.03,9.593,0.522,-0.327,-0.138,0.109,-0.286,-0.531,36,-13.6,2.2,-30.5,35.9,-19.4,-8.6,2,41.37,35.77281,-78.6779,263.5,NaN,,69.46129,,0 / 19,33009,2018-03-12 11:35:49:783
0.661,5.813,10.464,0.343,3.117,9.292,1.679,1.861,0.172,0.176,-0.41,0.263,30,-15.9,5.7,-26,46.8,-18.5,-2.1,2,41.45,35.77281,-78.6779,263.5,NaN,,69.46129,,0 / 19,33509,2018-03-12 11:35:50:283
1.417,1.928,8.372,1.451,3.376,9.092,0.332,-0.951,1.54,0.318,-0.86,-1.057,25,-15.3,6.1,-26.6,34,-20.1,-9.1,2,40.27,35.77281,-78.6779,263.5,NaN,,69.46129,,0 / 19,34009,2018-03-12 11:35:50:783
0.913,5.305,8.383,0.719,4.312,8.779,0.581,1.129,-1.431,0.522,-0.152,-0.168,27,-17.4,0.3,-24.8,61.1,-21,-1.2,2,39.37,35.77281,-78.6779,263.5,NaN,,69.46129,,0 / 19,34510,2018-03-12 11:35:51:284
0.295,3.337,7.095,-0.321,3.644,9.099,-0.433,0.388,-0.877,-0.432,-0.293,-0.276,39,-11.2,-4.6,-30.1,62.2,-21.8,2,2,40.27,35.77281,-78.6779,263.5,NaN,,69.46129,,0 / 19,35009,2018-03-12 11:35:51:783
-0.06,2.788,6.868,0.56,3.361,9.196,0.314,-0.672,0.662,0.429,0.217,0.209,114,-16.3,-7.2,-26.3,79.6,-20,-3.5,2,41.59,35.77281,-78.6779,263.5,NaN,,69.46129,,0 / 19,35510,2018-03-12 11:35:52:284
0.352,1.973,13.285,0.073,3.089,9.307,-0.191,-1.003,0.469,0.522,0.783,0.583,254,-17.1,-11.7,-25.6,100.6,-18.4,-0.4,2,40.68,35.77281,-78.6779,263.5,NaN,,69.46129,,0 / 19,36009,2018-03-12 11:35:52:783
0.059,2.837,13.483,0.033,2.634,9.446,-0.025,1.63,1.555,-0.607,-0.002,-0.284,542,-19,-11.2,-22.2,99.2,-19.2,-1.4,2,40.43,35.77281,-78.6779,263.5,NaN,,69.46129,,0 / 19,36510,2018-03-12 11:35:53:284
0.018,4.324,7.176,-0.207,3.988,8.957,0.307,0.862,1.176,0.131,0.01,0.175,529,-19.6,-15.2,-20.7,104.6,-24,1.3,2,40.09,35.77281,-78.6779,263.5,NaN,,69.46129,,0 / 19,37009,2018-03-12 11:35:53:783
-1.36,3.569,8.061,-0.483,4.697,8.595,0.696,-0.781,-1.107,0.243,-0.325,0.291,349,-19.9,-14.3,-15.6,103.9,-28.6,3.2,2,40.39,35.77281,-78.6779,263.5,NaN,,69.46129,,0 / 19,37510,2018-03-12 11:35:54:284
1.242,4.342,7.613,-0.078,4.663,8.627,1.586,-0.316,-0.516,0.354,-0.223,-0.125,101,-19.5,-11.9,-13.9,101.2,-28.4,0.5,2,40.61,35.77281,-78.6779,263.5,NaN,,69.46129,,0 / 19,38010,2018-03-12 11:35:54:784
-0.88,6.335,8.237,-0.596,4.673,8.601,-0.846,-1.238,-0.726,0.421,0.672,0.175,75,-17.6,-10,-16.9,93,-28.2,1.1,2,39.5,35.77281,-78.6779,263.5,NaN,,69.46129,,0 / 19,38510,2018-03-12 11:35:55:284
-0.094,5.211,9.255,-0.378,4.201,8.853,0.371,1.233,1.478,-0.293,-0.186,-0.633,55,-15.4,-9.6,-17.2,93.9,-28.2,2.3,2,39.07,35.77281,-78.6779,263.5,NaN,,69.46129,,0 / 19,39011,2018-03-12 11:35:55:785
-0.314,4.854,8.99,-0.612,4.194,8.844,-0.075,0.073,-1.809,-0.138,0.048,-0.08,43,-10.4,-8.4,-20.4,84.9,-25.3,4,2,40.08,35.77281,-78.6779,263.5,NaN,,69.46129,,0 / 19,39510,2018-03-12 11:35:56:284
0.06,2.582,8.876,0.156,4.106,8.905,-0.066,-0.287,-1.904,0.016,-0.196,0.299,40,-8.2,-9.2,-27.3,67.1,-24.7,-1,2,39.45,35.77281,-78.6779,263.5,NaN,,69.46129,,0 / 19,40010,2018-03-12 11:35:56:784
-2.121,3.602,8.648,-0.252,4.7,8.603,-1.488,-0.917,-1.301,0.022,0.654,1.296,43,-5.1,-16.3,-29.3,119.6,-23,2.2,2,40.5,35.77281,-78.6779,263.5,NaN,,69.46129,,0 / 19,40509,2018-03-12 11:35:57:283
0.901,4.072,10.401,0.268,4.45,8.735,0.57,-0.549,1.489,0.136,0.784,2.003,68,-13,-5.9,-35.1,48.1,-27,-1.8,2,39.19,35.77281,-78.6779,263.5,NaN,,69.46129,,0 / 19,41009,2018-03-12 11:35:57:783
-0.04,4.289,8.81,0.092,3.918,8.989,0.577,-0.011,-0.301,-0.029,0.336,0.688,95,-6.6,-1.2,-39.3,25.8,-23.8,0.2,2,40.56,35.77281,-78.6779,263.5,NaN,,69.46129,,0 / 19,41510,2018-03-12 11:35:58:284
1.091,2.178,9.271,0.024,3.013,9.332,0.452,0.136,-0.423,-0.94,0.251,1.1,74,1.8,12.3,-35.2,354.6,-17.9,-0.1,2,38.78,35.77281,-78.6779,263.5,NaN,,69.46129,,0 / 19,42010,2018-03-12 11:35:58:784
2.107,1.652,9.007,4.062,2.219,8.646,0.077,0.517,0.746,0.622,-1.142,0.466,60,-3.9,9.5,-32.9,356.4,-4,-8.2,2,41.06,35.77281,-78.6779,263.5,NaN,,69.46129,,0 / 19,42510,2018-03-12 11:35:59:284
-0.498,3.593,9.183,-1.679,3.13,9.141,0.661,0.405,-0.378,-0.037,2.299,0.386,43,16.3,5.7,-23.3,320.1,-18.6,10.4,2,39.8,35.77281,-78.6779,263.5,NaN,,69.46129,,0 / 19,43010,2018-03-12 11:35:59:784
-4.418,0.665,9.086,-3.661,2.161,8.838,0.182,-1.45,1.175,0.496,-1.976,0.25,60,21.7,12.4,-22.1,326.6,-12.7,22.5,2,40.28,35.77281,-78.6779,263.5,NaN,,69.46129,,0 / 19,43509,2018-03-12 11:36:00:283
2.434,6.355,7.804,0.899,7.337,6.444,-0.781,1.818,0.234,-0.3,0.744,0.223,34,21.3,1.8,-24.6,306.1,-48.4,-7.9,2,40.67,35.77281,-78.6779,263.5,NaN,,69.46129,,0 / 19,44010,2018-03-12 11:36:00:784
-0.276,5.988,7.279,0.072,5.451,8.152,-0.115,0.602,-0.7,-0.475,-0.118,-0.079,57,23.2,4.5,-26.5,312.1,-40.2,0.2,2,40.58,35.77281,-78.6779,263.5,NaN,,69.46129,,0 / 19,44509,2018-03-12 11:36:01:283
0.805,4.133,7.907,0.367,4.022,8.936,0.252,0.267,-0.774,-0.331,0.619,-0.095,193,21.4,14,-28.1,316.2,-28.2,-5.5,2,40.02,35.77281,-78.6779,263.5,NaN,,69.46129,,0 / 19,45010,2018-03-12 11:36:01:784
-0.027,4.483,13,0.443,3.424,9.179,0.099,-0.873,1.662,0.065,1.202,0.618,523,23.4,14.2,-32,315,-20.6,-2,2,40.52,35.77281,-78.6779,263.5,NaN,,69.46129,,0 / 19,45509,2018-03-12 11:36:02:283
-0.214,3.65,8.372,0.449,4.134,8.881,0.38,1.069,0.164,-0.217,-0.68,-0.726,509,21.7,11,-31.2,316.2,-24.3,0.2,2,40.37,35.77281,-78.6779,263.5,NaN,,69.46129,,0 / 19,46010,2018-03-12 11:36:02:784
0.298,4.26,8.158,-0.186,3.669,9.093,0.183,1.212,1.891,-0.459,-0.507,-0.496,300,12.4,18.2,-29.2,339.2,-23.5,2.4,2,40.68,35.77281,-78.6779,263.5,NaN,,69.46129,,0 / 19,46509,2018-03-12 11:36:03:283
-0.771,3.407,7.89,-0.87,4.217,8.811,-0.469,-0.366,-1.293,-0.15,0.078,-0.243,96,10.2,10.7,-28.8,342.7,-25.5,5.6,2,42.02,35.77281,-78.6779,263.5,NaN,,69.46129,,0 / 19,47010,2018-03-12 11:36:03:784
2.216,3.228,7.079,-0.068,4.079,8.918,2.248,-1.098,-1.245,0.794,0.544,0.4,77,8.4,7.4,-29.4,335.8,-20.1,1.1,2,41.19,35.77281,-78.6779,263.5,NaN,,69.46129,,0 / 19,47509,2018-03-12 11:36:04:283
0.087,4.629,9.969,0.061,3.909,8.994,0.205,-0.932,0.063,0.368,-0.609,-0.155,49,9.2,0.3,-25.1,317.3,-23.5,-0.4,2,41.72,35.77281,-78.6779,263.5,NaN,,69.46129,,0 / 19,48009,2018-03-12 11:36:04:783
-0.294,4.904,10.561,0.057,4.165,8.878,0.026,-0.559,2.646,-0.058,-0.457,-0.913,54,7,4.1,-26,338.8,-25,2.8,2,45.17,35.77281,-78.6779,263.5,NaN,,69.46129,,0 / 19,48509,2018-03-12 11:36:05:283
0.348,4.817,7.864,-0.216,4.331,8.796,0.773,0.145,0.018,0.301,-0.127,-0.143,89,-5,-2,-18.7,39.9,-26.2,1.4,2,42.42,35.77281,-78.6779,263.5,NaN,,69.46129,,0 / 19,49009,2018-03-12 11:36:05:783
0.148,4.89,8.425,0.364,5.178,8.32,0.039,-0.26,0.077,-0.168,-0.165,-0.228,77,-15.7,-0.3,-9.7,69.7,-32.2,-2.7,2,43.94,35.77281,-78.6779,263.5,NaN,,69.46129,,0 / 19,49509,2018-03-12 11:36:06:283
0.939,5.528,7.961,0.38,5.232,8.286,-0.124,0.029,-0.222,0.086,-0.013,0.13,66,-17.9,1.2,-5.9,75.8,-31.5,-2.9,2,42.61,35.77281,-78.6779,263.5,NaN,,69.46129,,0 / 19,50009,2018-03-12 11:36:06:783
-1.174,6.288,7.476,-0.124,5.133,8.355,-1.461,0.324,-0.122,-0.434,0.166,0.748,55,-15.8,4.4,-7.5,64.2,-32.9,-2.8,2,58.69,35.77281,-78.6779,263.5,NaN,,69.46129,,0 / 19,50510,2018-03-12 11:36:07:284
-0.775,2.295,9.197,-0.223,2.379,9.511,-0.631,-0.146,-0.36,-0.617,0.34,0.784,25,7.9,6.9,-22.1,328.4,-14,1.3,2,51.86,35.77281,-78.6779,263.5,NaN,,69.46129,,0 / 19,51009,2018-03-12 11:36:07:783
-2.432,1.831,10.428,-2.057,1.54,9.464,0.381,-1.095,0.196,1.038,-0.871,-0.146,22,16.1,5,-22.6,309.9,-9,12.3,2,45.93,35.77281,-78.6779,263.5,NaN,,69.46129,,0 / 19,51509,2018-03-12 11:36:08:283
-0.866,0.55,8.462,-1.882,1.639,9.484,1.196,-2.123,-0.086,0.324,0.396,-0.004,25,16.9,1.9,-22.4,296.3,-9.6,11.2,2,39.08,35.77281,-78.6779,263.5,NaN,,69.46129,,0 / 19,52010,2018-03-12 11:36:08:784
-2.727,2.254,7.592,-3.127,1.938,9.091,0.814,0.039,0.636,0.582,-0.245,-1.101,22,20.6,2.9,-20.4,301.4,-11.3,19.4,2,50.25,35.77281,-78.6779,263.5,NaN,,69.46129,,0 / 19,52510,2018-03-12 11:36:09:284
-2.696,5.935,8.195,-2.358,5.486,7.779,1.592,-1.297,0.222,1.977,-0.324,-1.142,19,17.8,-5.5,-22.7,316.4,-34,16.9,2,54.41,35.77281,-78.6779,263.5,NaN,,69.46129,,0 / 19,53009,2018-03-12 11:36:09:783
-4.158,9.735,3.507,-2.215,7.577,5.819,-1.873,1.596,-1.815,-1.434,-1.503,0.747,24,17.7,-7.3,-20.9,16.2,-58.9,52.5,2,54.42,35.77281,-78.6779,263.5,NaN,,69.46129,,0 / 19,53510,2018-03-12 11:36:10:284
2.666,6.96,4.551,1.476,6.2,7.453,-0.419,-0.955,-1.37,-0.065,1.251,1.142,31,12.7,-13.6,-29.1,286.8,-39.2,-11.2,2,46.37,35.77281,-78.6779,263.5,NaN,,69.46129,,0 / 19,54010,2018-03-12 11:36:10:784
0.266,5.201,9.099,-1.496,5.768,7.789,1.913,-1.012,-0.166,-0.789,-1.325,-1.107,114,12.8,-22.3,-18.4,250,-40.9,10.2,2,44.61,35.77281,-78.6779,263.5,NaN,,69.46129,,0 / 19,54509,2018-03-12 11:36:11:283
-1.703,3.056,10.006,-1.682,4.169,8.715,-0.116,0.04,0.608,0.094,-0.529,-1.522,158,21.6,-1.7,-27.2,304.3,-25.2,10.9,2,44.61,35.77281,-78.6779,263.5,NaN,,69.46129,,0 / 19,55010,2018-03-12 11:36:11:784
-2.224,3.93,7.822,-3.372,4.674,7.934,1.198,-0.833,-0.162,-0.53,-0.575,-0.939,609,23.7,-4.1,-28.4,323.6,-30.4,23.8,2,51.38,35.77281,-78.6779,263.5,NaN,,69.46129,,0 / 19,55509,2018-03-12 11:36:12:283
-0.836,3.314,8.651,-2.092,4.056,8.68,0.461,-0.627,-2.004,-0.647,-0.644,-0.664,821,13.7,4.9,-39.7,349.1,-24.4,13.6,2,47.67,35.77281,-78.6779,263.5,NaN,,69.46129,,0 / 19,56011,2018-03-12 11:36:12:785
0.233,3.543,6.595,-0.833,4.58,8.631,1.649,-1.153,-2.005,0.213,-0.441,-0.447,852,13.6,-3.3,-41.9,338.9,-25.8,10.2,2,68.18,35.77281,-78.6779,263.5,NaN,,69.46129,,0 / 19,56509,2018-03-12 11:36:13:283
0.568,2.662,8.488,-0.432,3.407,9.186,0.557,-1.749,0.666,-0.544,-0.207,-0.587,736,0.6,2.9,-47.1,3.6,-20.3,2.7,2,61.01,35.77281,-78.6779,263.5,NaN,,69.46129,,0 / 19,57010,2018-03-12 11:36:13:784
-1.378,2.916,9.415,-1.317,2.995,9.245,-0.85,0.744,2.468,0.268,-0.84,0.334,846,7.4,0.6,-50.8,350.3,-14.9,5.1,2,45.19,35.77281,-78.6779,263.5,NaN,,69.46129,,0 / 19,57509,2018-03-12 11:36:14:283
-0.164,5.026,12.572,-0.968,2.86,9.33,1.313,-0.119,4.841,-0.418,-0.682,-1.271,839,2.9,-1.8,-52.4,10.2,-17,5.9,2,40.88,35.77281,-78.6779,263.5,NaN,,69.46129,,0 / 19,58010,2018-03-12 11:36:14:784
-0.735,4.071,9.784,-0.005,4.026,8.942,0.173,-0.502,1.782,0.567,-0.078,0.22,320,-5.8,-14.6,-50.6,57.8,-22,2.4,2,41.98,35.77281,-78.6779,263.5,NaN,,69.46129,,0 / 19,58509,2018-03-12 11:36:15:283
0.716,4.658,9.146,0.029,4.474,8.726,0.553,-0.548,-0.865,0.178,-0.144,-0.099,57,-10.6,-14.5,-49.5,46.2,-27.1,-0.2,2,42.34,35.77281,-78.6779,263.5,NaN,,69.46129,,0 / 19,59010,2018-03-12 11:36:15:784
-1.303,3.622,7.375,-0.618,3.952,8.954,-0.504,-0.379,-1.574,-0.251,0.451,0.325,164,-12.1,-16.6,-47,71.1,-25.2,1.3,2,39.99,35.77281,-78.6779,263.5,NaN,,69.46129,,0 / 19,59510,2018-03-12 11:36:16:284
0.027,3.018,7.242,-1.33,4.703,8.502,1.308,-1.642,-1.15,0.005,-0.342,-1.094,382,-7.6,-15,-45.7,61.8,-28.7,8.9,2,40.26,35.77281,-78.6779,263.5,NaN,,69.46129,,0 / 19,60010,2018-03-12 11:36:16:784
-0.431,3.648,7.571,-0.896,3.353,9.172,-1.542,0.476,-1.583,-0.137,0.015,-0.22,592,-16.5,-14,-43.3,83.8,-21.6,5.6,2,46.35,35.77281,-78.6779,263.5,NaN,,69.46129,,0 / 19,60509,2018-03-12 11:36:17:283
-0.477,2.134,8.222,-1.032,3.953,8.915,0.31,-0.637,0.931,0.571,-0.265,-0.005,399,-21.8,-24.2,-35,109.1,-23.8,6.6,2,41.36,35.77281,-78.6779,263.5,NaN,,69.46129,,0 / 19,61010,2018-03-12 11:36:17:784
1.93,3.596,11.734,-0.191,2.602,9.453,1.709,-0.511,0.246,0.266,0.046,-1.217,72,-20.9,-26,-34.1,122.5,-19.4,-0.4,2,40.43,35.77281,-78.6779,263.5,NaN,,69.46129,,0 / 19,61510,2018-03-12 11:36:18:284
-0.54,2.618,8.787,0.078,3.496,9.162,-0.64,-0.935,-0.071,0.543,-0.01,0.216,125,-12,-29,-25.7,149.1,-16.8,0.3,2,42.19,35.77281,-78.6779,263.5,NaN,,69.46129,,0 / 19,62011,2018-03-12 11:36:18:785
-0.778,3.152,10.096,-0.033,2.997,9.337,-0.521,0.255,0.886,0.055,-0.539,-0.589,509,-10.3,-28.5,-20,153.8,-20.4,-1.6,2,42.21,35.77281,-78.6779,263.5,NaN,,69.46129,,0 / 19,62509,2018-03-12 11:36:19:283
0.205,3.091,7.548,-0.094,3.429,9.187,0.657,0.402,-0.946,-0.023,-0.018,0.249,886,-10.4,-23.5,-13.5,150.6,-20.5,0.6,2,44.84,35.77281,-78.6779,263.5,NaN,,69.46129,,0 / 19,63009,2018-03-12 11:36:19:783
0.942,3.007,7.775,0.877,3.558,9.096,0.12,-0.415,-1.32,-0.202,0.017,-0.147,979,-13.2,-19.5,-11.5,139.1,-22.7,-5.3,2,50.43,35.77281,-78.6779,263.5,NaN,,69.46129,,0 / 19,63510,2018-03-12 11:36:20:284
1.637,2.603,7.836,-0.005,3.702,9.081,-0.3,-0.115,-2.269,-0.27,-0.124,-0.026,567,-11.5,-17.6,-9.6,139.2,-19.7,-2.4,2,45.5,35.77281,-78.6779,263.5,NaN,,69.46129,,0 / 19,64010,2018-03-12 11:36:20:784
-0.389,2.554,8.869,0.461,3.776,9.039,-1.129,0.232,-0.206,0.064,0.277,0.695,349,-14.5,-16.6,-12,128.8,-22.4,-1.3,2,46.49,35.77281,-78.6779,263.5,NaN,,69.46129,,0 / 19,64510,2018-03-12 11:36:21:284
-1.301,1.29,12.639,-1.02,2.844,9.33,0.252,-1.083,1.469,1.061,0.143,0.113,84,-20.2,-16.7,-13.6,121,-16.9,6.2,2,48.22,35.77281,-78.6779,263.5,NaN,,69.46129,,0 / 19,65009,2018-03-12 11:36:21:783
-1.079,3.385,9.956,0.209,3.906,8.993,-1.389,-0.299,2.284,0.483,-0.396,0.673,93,-25.8,-16.1,-18.2,108.2,-21.3,2.9,2,48.58,35.77281,-78.6779,263.5,NaN,,69.46129,,0 / 19,65510,2018-03-12 11:36:22:284
-0.013,4.114,10.145,-0.481,2.879,9.362,0.543,1.021,3.564,-0.871,-0.685,-0.861,415,-26.6,-10.6,-20.1,94.6,-23.8,1.2,2,47.28,35.77281,-78.6779,263.5,NaN,,69.46129,,0 / 19,66010,2018-03-12 11:36:22:784
-0.571,3.316,7.831,-0.176,3.493,9.162,-0.508,0.006,-0.167,-0.062,0.107,0.231,849,-21.1,-7,-15.9,91.7,-21.9,0.9,2,45.4,35.77281,-78.6779,263.5,NaN,,69.46129,,0 / 19,66509,2018-03-12 11:36:23:283
0.306,2.948,6.882,-0.013,4.062,8.926,0.634,-1.371,-1.952,-0.117,0.129,-0.19,1147,-12.3,-3.6,-17.9,72.4,-24.5,0.1,2,44.57,35.77281,-78.6779,263.5,NaN,,69.46129,,0 / 19,67009,2018-03-12 11:36:23:783
-0.959,3.037,7.305,-0.472,3.85,9.007,-0.816,0.019,-1.68,-0.012,-0.156,0.149,831,-10.5,-7.3,-20.6,80.9,-22.9,1,2,42.71,35.77281,-78.6779,263.5,NaN,,69.46129,,0 / 19,67509,2018-03-12 11:36:24:283
0.033,2.526,8.928,0.806,4.187,8.831,-0.828,-1.634,-0.469,0.185,0.045,0.464,524,-17.2,-9.3,-27.3,85,-21.9,1.3,2,45.07,35.77281,-78.6779,263.5,NaN,,69.46129,,0 / 19,68010,2018-03-12 11:36:24:784
-0.79,6.097,10.144,0.059,4.071,8.922,-0.648,1.777,1.382,-0.019,-0.018,0.618,319,-16.8,-5.4,-32.8,61.3,-24.5,-0.4,2,43.1,35.77281,-78.6779,263.5,NaN,,69.46129,,0 / 19,68509,2018-03-12 11:36:25:283
-0.262,4.386,8.183,0.362,4.229,8.84,-0.377,-0.621,0.996,0.381,0.315,1.979,243,-12,-4.4,-42,34.9,-25.5,-2.3,2,43.51,35.77281,-78.6779,263.5,NaN,,69.46129,,0 / 19,69010,2018-03-12 11:36:25:784
-2.016,4.715,9.872,-0.45,3.579,9.119,-0.677,0.133,0.065,-0.016,0.758,1.339,220,-4.5,-1.3,-41.1,4.8,-22.5,-3.8,2,47.15,35.77281,-78.6779,263.5,NaN,,69.46129,,0 / 19,69509,2018-03-12 11:36:26:283
0.03,2.879,9.274,0.531,3.267,9.231,0.333,0.081,-0.732,-0.48,0.272,0.429,231,-7.3,-0.9,-34.7,24.7,-19.5,-3.3,2,44.62,35.77281,-78.6779,263.5,NaN,,69.46129,,0 / 19,70010,2018-03-12 11:36:26:784
0.938,3.231,8.979,0.543,2.946,9.338,0.418,0.302,-0.352,-0.119,0.355,0.805,361,-4.7,-3.8,-32.5,18.3,-18.9,-4.9,2,44.92,35.77281,-78.6779,263.5,NaN,,69.46129,,0 / 19,70510,2018-03-12 11:36:27:284
0.883,2.461,12.114,0.512,3.399,9.184,-1.665,-0.353,-0.51,0.434,0.269,1.271,524,-1.4,-1.4,-25.9,354.3,-17.7,-3.7,2,45.18,35.77281,-78.6779,263.5,NaN,,69.46129,,0 / 19,71009,2018-03-12 11:36:27:783
0.673,3.47,9.273,0.622,2.769,9.387,-0.105,1.468,0.693,-0.583,-0.226,-0.397,1011,1.2,-2.4,-22.3,339,-17.6,-2.1,2,44.47,35.77281,-78.6779,263.5,NaN,,69.46129,,0 / 19,71509,2018-03-12 11:36:28:283
0.885,3.167,7.283,0.206,3.541,9.143,-0.097,0.008,-1.259,-0.177,0.375,-0.188,1235,0.3,2,-20.5,357.2,-21.2,-1.3,2,44.34,35.77281,-78.6779,263.5,NaN,,69.46129,,0 / 19,72009,2018-03-12 11:36:28:783
-0.751,3.534,9.498,-0.053,4.022,8.944,-1.569,0.022,0.445,0.481,0.332,0.498,1029,0.7,3.9,-19.5,354.8,-14.5,0.7,2,45.55,35.77281,-78.6779,263.5,NaN,,69.46129,,0 / 19,72510,2018-03-12 11:36:29:284
0.411,3.905,9.657,-0.539,3.15,9.271,1.025,-0.212,1.721,0.688,0.176,-0.662,625,7.5,2.4,-19.1,317,-18.3,-0.9,2,46.24,35.77281,-78.6779,263.5,NaN,,69.46129,,0 / 19,73010,2018-03-12 11:36:29:784
-0.645,4.606,11.854,0.427,2.886,9.363,-0.944,1.555,2.61,-0.35,-0.202,0.363,368,10.9,6.7,-22.5,319.8,-18.2,-1,2,47.03,35.77281,-78.6779,263.5,NaN,,69.46129,,0 / 19,73509,2018-03-12 11:36:30:283
1.493,2.646,8.063,0.816,3.525,9.115,0.722,-0.931,-1.298,-0.261,0.062,-0.199,77,9.8,8.6,-20.3,322.4,-21.1,-5.1,2,47.42,35.77281,-78.6779,263.5,NaN,,69.46129,,0 / 19,74009,2018-03-12 11:36:30:783
1.213,2.474,9.371,-0.243,3.333,9.22,0.414,-0.002,-2.244,-0.393,0.364,-0.309,81,1.1,9.8,-19.2,353.4,-19.8,-2.5,2,47.85,35.77281,-78.6779,263.5,NaN,,69.46129,,0 / 19,74510,2018-03-12 11:36:31:284
-0.048,2.657,9.994,0.054,4.164,8.879,-1.406,-0.85,-1.645,-0.338,0.986,0.57,287,1.9,7.4,-15,350.6,-25.1,-0.3,2,46.93,35.77281,-78.6779,263.5,NaN,,69.46129,,0 / 19,75009,2018-03-12 11:36:31:783
-1.679,1.249,15.429,-0.625,2.742,9.395,0.418,-0.607,-0.323,0.571,0.508,-0.242,697,-3.8,13.2,-16,17.1,-16.4,4.3,2,47.08,35.77281,-78.6779,263.5,NaN,,69.46129,,0 / 19,75510,2018-03-12 11:36:32:284
-2.204,4.861,10.622,-1.203,2.494,9.408,-0.781,2.229,1.79,-0.262,-0.131,0.609,1223,1,13.4,-18.7,4.7,-14.7,7.3,2,47.86,35.77281,-78.6779,263.5,NaN,,69.46129,,0 / 19,76009,2018-03-12 11:36:32:783
-0.961,2.66,7.06,-1.298,2.737,9.327,0.216,0.983,1.017,-0.429,-0.327,-0.349,1212,0.6,15.1,-20.4,5.3,-23.6,8.6,2,48.98,35.77281,-78.6779,263.5,NaN,,69.46129,,0 / 19,76509,2018-03-12 11:36:33:283
-0.032,3.69,8.383,-1.225,2.934,9.277,0.929,0.354,-0.828,-0.041,-0.069,0.259,937,1.3,18.7,-26.8,5.5,-17.4,7.5,2,45.61,35.77281,-78.6779,263.5,NaN,,69.46129,,0 / 19,77010,2018-03-12 11:36:33:784
-0.85,2.295,7.15,-1.662,3.14,9.141,0.581,-0.913,-2.145,-0.154,0.239,-0.146,252,2.1,16.8,-29.8,6.6,-15.2,9.1,2,45.28,35.77281,-78.6779,263.5,NaN,,69.46129,,0 / 19,77510,2018-03-12 11:36:34:284
-1.909,0.874,11.212,-1.53,2.148,9.445,1.614,-0.448,-0.056,0.624,-0.259,0.038,125,8.9,14.3,-34.7,351.3,-12.7,9.2,2,41.48,35.77281,-78.6779,263.5,NaN,,69.46129,,0 / 19,78009,2018-03-12 11:36:34:783
-1.287,2.174,8.736,-0.578,2.696,9.411,-0.715,-0.682,-0.505,0.568,0.165,0.778,205,7.9,12.3,-39,350.9,-11.9,7,2,39.45,35.77281,-78.6779,263.5,NaN,,69.46129,,0 / 19,78510,2018-03-12 11:36:35:284
-0.426,2.546,8.911,-0.695,1.808,9.613,-0.715,-0.104,0.686,-0.229,0.93,0.003,393,2.5,6.3,-40.8,352.6,-17.4,0.9,2,43.77,35.77281,-78.6779,263.5,NaN,,69.46129,,0 / 19,79009,2018-03-12 11:36:35:783
-0.535,4.276,9.956,-0.148,3.112,9.299,0.408,1.071,-0.432,0.096,0.22,0.508,768,-0.8,1.7,-39.3,7.9,-17.1,1.2,2,41.43,35.77281,-78.6779,263.5,NaN,,69.46129,,0 / 19,79509,2018-03-12 11:36:36:283
0.377,3.488,7.658,0.335,3.699,9.076,-0.092,0.186,-0.096,-0.053,-0.056,0.075,886,-5.8,-11.3,-42.9,35.8,-22.2,-2.1,2,42.48,35.77281,-78.6779,263.5,NaN,,69.46129,,0 / 19,80009,2018-03-12 11:36:36:783
0.127,4.403,7.076,0.303,4.354,8.782,0.379,-0.692,-1.595,0.492,0.284,-0.114,780,-6.7,-15.5,-42.5,43.8,-26.4,-2,2,40.04,35.77281,-78.6779,263.5,NaN,,69.46129,,0 / 19,80510,2018-03-12 11:36:37:284
0.049,3.421,8.721,0.126,4.344,8.791,0.008,-1.078,-0.271,-0.029,0.357,0.243,185,-7.3,-18.4,-40.7,72.2,-26.3,-0.8,2,42.8,35.77281,-78.6779,263.5,NaN,,69.46129,,0 / 19,81009,2018-03-12 11:36:37:783
-0.346,3.1,7.999,-0.617,2.829,9.369,0.238,-0.718,-0.741,0.234,0.71,0.065,495,-8.7,-14.7,-43.2,104.6,-16.4,-0.4,2,43.72,35.77281,-78.6779,263.5,NaN,,69.46129,,0 / 19,81510,2018-03-12 11:36:38:284
0.21,2.557,11.64,0.259,2.706,9.422,-0.538,-0.643,2.796,0.208,-0.505,0.623,881,-8.7,-16.7,-41,126.4,-13.2,1.1,2,42.29,35.77281,-78.6779,263.5,NaN,,69.46129,,0 / 19,82009,2018-03-12 11:36:38:783
0.824,3.836,7.563,-0.459,3.51,9.146,-0.308,1.32,1.586,-0.095,0.494,-0.381,846,-15.4,-17.3,-37.3,97.4,-21.9,-3,2,64.96,35.77281,-78.6779,263.5,NaN,,69.46129,,0 / 19,82510,2018-03-12 11:36:39:284
-0.203,3.016,10.02,-1.19,3.75,8.983,0.264,0.33,-0.471,-0.559,-0.441,0.124,314,-14.6,-23.5,-32.5,119.5,-22.5,7.5,2,62.47,35.77281,-78.6779,263.5,NaN,,69.46129,,0 / 19,83010,2018-03-12 11:36:39:784
1.348,5.585,9.75,1.645,4.415,8.601,-1.211,-0.291,-1.549,-0.52,1.069,0.561,411,-21.7,-27.2,-29.8,121.5,-26.1,-12.2,2,47.27,35.77281,-78.6779,263.5,NaN,,69.46129,,0 / 19,83510,2018-03-12 11:36:40:284
3.096,3.204,10.872,2.041,4.071,8.685,0.681,-0.988,0.761,1.028,0.467,0.636,768,-27.8,-23.3,-27,116.3,-20.3,-14.3,2,43.91,35.77281,-78.6779,263.5,NaN,,69.46129,,0 / 19,84009,2018-03-12 11:36:40:783
1.997,4.405,10.54,1.197,3.628,9.032,0.538,0.742,0.833,-0.195,0.572,0.711,1034,-29.1,-21.6,-30.5,107.3,-21.7,-7.5,2,39.83,35.77281,-78.6779,263.5,NaN,,69.46129,,0 / 19,84511,2018-03-12 11:36:41:285
0.104,3.7,9.325,1.364,3.877,8.904,-0.577,0.082,0.599,-0.131,0.258,0.538,954,-36.3,-16.3,-33.1,89.3,-23.3,-8.7,2,40.98,35.77281,-78.6779,263.5,NaN,,69.46129,,0 / 19,85010,2018-03-12 11:36:41:784
1.587,3.297,8.498,0.692,4.167,8.85,0.323,-0.105,-0.527,0.013,-0.124,0.382,585,-34.7,-16.8,-32,91,-25.1,-4.9,2,39.81,35.77281,-78.6779,263.5,NaN,,69.46129,,0 / 19,85510,2018-03-12 11:36:42:284
2.508,3.884,10.339,1.498,4.276,8.697,-0.345,0.59,0.34,0.543,-0.093,1.471,185,-34.9,-12,-33,78.3,-25.9,-9.8,2,39.63,35.77281,-78.6779,263.5,NaN,,69.46129,,0 / 19,86009,2018-03-12 11:36:42:783
0.224,2.894,9.863,1.131,2.936,9.288,-0.072,0.747,0.441,0.006,0.554,0.346,3,-36.4,-6.8,-31.3,81,-18.6,-8.8,0,41.07,35.77281,-78.6779,263.5,NaN,,69.46129,,0 / 19,86509,2018-03-12 11:36:43:283
1.427,2.347,9.326,0.821,2.634,9.411,0.568,0.03,-0.884,0.007,0.267,0.701,4,-35.3,-2.9,-31.3,76.3,-17.2,-7.1,0,39.32,35.77281,-78.6779,263.5,NaN,,69.46129,,0 / 19,87009,2018-03-12 11:36:43:783
0.017,2.333,9.884,0.775,2.548,9.438,-0.306,-0.806,-0.122,0.167,0.353,0.969,4,-30.6,1.4,-33.1,69.7,-15.4,-4.9,0,40.65,35.77281,-78.6779,263.5,NaN,,69.46129,,0 / 19,87510,2018-03-12 11:36:44:284
0.053,2.542,9.116,0.402,2.688,9.423,-0.331,-0.072,-0.155,-0.091,0.173,0.173,4,-29.2,5.9,-32,61.7,-15.9,-2.4,0,38.58,35.77281,-78.6779,263.5,NaN,,69.46129,,0 / 19,88010,2018-03-12 11:36:44:784
0.571,2.708,9.529,0.293,2.478,9.484,0.113,0.069,-0.031,0.008,0.046,0.105,3,-27.6,8.3,-31.8,59.2,-14.7,-1.8,0,39.46,35.77281,-78.6779,263.5,NaN,,69.46129,,0 / 19,88509,2018-03-12 11:36:45:283
0.199,2.697,9.476,0.169,2.643,9.442,-0.121,0.043,0.114,0.091,-0.008,0.091,3,-25.7,8.8,-33,55.3,-15.2,-1.2,0,40.71,35.77281,-78.6779,263.5,NaN,,69.46129,,0 / 19,89010,2018-03-12 11:36:45:784
0.093,2.779,10.242,0.145,2.529,9.474,0.163,0.061,0.131,-0.043,0.054,0.01,4,-24.1,9.9,-33.3,51.8,-15.4,-0.9,0,39.76,35.77281,-78.6779,263.5,NaN,,69.46129,,0 / 19,89510,2018-03-12 11:36:46:284
0.205,2.25,9.784,0.327,2.362,9.512,-0.071,-0.077,0.29,-0.044,0.129,-0.214,61,-28.2,10.1,-34.1,56,-13.9,-2,2,40.21,35.77281,-78.6779,263.5,NaN,,69.46129,,0 / 19,90010,2018-03-12 11:36:46:784
0.319,1.983,9.992,0.46,2.096,9.569,-0.076,-0.073,0.175,0.088,0.001,0.132,281,-29.1,9.2,-32.8,60.1,-12.1,-2.2,2,39.98,35.77281,-78.6779,263.5,NaN,,69.46129,,0 / 19,90511,2018-03-12 11:36:47:285
0.872,2.345,8.911,0.808,2.377,9.48,-0.014,-0.082,0.347,0.084,-0.023,-0.021,305,-29.3,7.9,-30.5,59.5,-13.4,-4.7,2,40.05,35.77281,-78.6779,263.5,NaN,,69.46129,,0 / 19,91009,2018-03-12 11:36:47:783
0.999,2.496,9.313,0.946,2.476,9.442,-0.011,0.036,-0.055,0.027,0.024,0.033,314,-30.1,8.7,-33.5,57.3,-14,-5,2,41.7,35.77281,-78.6779,263.5,NaN,,69.46129,,0 / 19,91509,2018-03-12 11:36:48:283
0.333,2.737,8.784,0.27,2.6,9.452,0.085,0.069,-0.078,0.473,0.986,0.453,288,-24.4,10.4,-34.3,50.7,-15.4,-1.6,2,39.28,35.77281,-78.6779,263.5,NaN,,69.46129,,0 / 19,92010,2018-03-12 11:36:48:784
-0.664,1.637,9.785,-0.478,1.569,9.669,-0.242,0.389,-0.076,-0.153,-0.09,0.418,296,-21.4,14.5,-36.1,47.9,-11.4,2.9,2,40.15,35.77281,-78.6779,263.5,NaN,,69.46129,,0 / 19,92510,2018-03-12 11:36:49:284
1.109,1.818,9.468,0.696,2.201,9.531,0.135,-0.178,0.109,0.193,-0.147,0.146,424,-17.7,13.4,-42,33.7,-13,-4.2,2,40.32,35.77281,-78.6779,263.5,NaN,,69.46129,,0 / 19,93010,2018-03-12 11:36:49:784
-0.683,1.009,10.89,0.012,1.158,9.738,-0.079,0.093,-0.77,0.321,-0.187,0.035,482,-15.4,18.3,-43.1,32.8,-6.6,-0.4,2,40.6,35.77281,-78.6779,263.5,NaN,,69.46129,,0 / 19,93510,2018-03-12 11:36:50:284
0.138,2.004,7.892,0.048,2.842,9.386,0.585,-0.491,-1.075,0.235,0.903,0.085,570,-14.1,9.3,-45.3,13,-15.1,-11.4,2,39.95,35.77281,-78.6779,263.5,NaN,,69.46129,,0 / 19,94009,2018-03-12 11:36:50:783
-1.179,3.657,8.426,-0.507,2.647,9.429,-0.589,0.917,-0.631,-0.188,-0.205,-0.071,390,-15.4,8.6,-45.2,40.2,-15.7,3.1,2,45.34,35.77281,-78.6779,263.5,NaN,,69.46129,,0 / 19,94509,2018-03-12 11:36:51:283
-0.438,2.101,7.88,-0.328,2.491,9.479,-0.744,-0.438,0.177,0.783,-0.4,-0.163,421,-16.1,6.2,-45.5,45.8,-14.7,2,2,44.68,35.77281,-78.6779,263.5,NaN,,69.46129,,0 / 19,95010,2018-03-12 11:36:51:784
0.079,3.227,8.656,-0.185,3.181,9.275,0.195,-0.041,-0.055,-0.259,0.137,-0.096,433,-20.2,0.2,-45.8,52.5,-20.2,0.8,2,41.61,35.77281,-78.6779,263.5,NaN,,69.46129,,0 / 19,95510,2018-03-12 11:36:52:284
0.04,2.163,10.022,-0.425,2.86,9.371,0.434,-0.67,0.567,0.239,0.23,0.128,408,-16,3,-46.2,47.4,-16.8,1.8,2,41.55,35.77281,-78.6779,263.5,NaN,,69.46129,,0 / 19,96010,2018-03-12 11:36:52:784
-0.574,3.288,9.118,-0.476,2.903,9.355,-0.037,0.402,-0.291,-0.072,-0.121,-0.275,376,-16.6,0.1,-45.4,56,-17.7,3.5,2,40.9,35.77281,-78.6779,263.5,NaN,,69.46129,,0 / 19,96509,2018-03-12 11:36:53:283
0.829,2.35,8.204,0.428,3.162,9.273,1.528,-1.321,1.095,0.065,-0.324,-0.362,443,-20.5,-3.5,-44.4,58.4,-18.8,-2.6,2,40.23,35.77281,-78.6779,263.5,NaN,,69.46129,,0 / 19,97009,2018-03-12 11:36:53:783
0.049,3.253,9.556,-0.172,2.72,9.42,-0.376,1.544,1.641,0.106,0.096,-0.135,376,-22.9,-2.9,-45.2,70,-14.7,0.5,2,39.71,35.77281,-78.6779,263.5,NaN,,69.46129,,0 / 19,97509,2018-03-12 11:36:54:283
-0.439,2.508,8.593,-0.273,3.502,9.156,-0.027,-0.722,-1.455,-0.029,-0.111,-0.282,278,-19.5,-6.4,-40.3,67.2,-20.9,1.7,2,42.38,35.77281,-78.6779,263.5,NaN,,69.46129,,0 / 19,98009,2018-03-12 11:36:54:783
-0.388,2.728,7.254,-0.35,3.082,9.303,-0.004,-0.545,1.459,-0.231,-0.21,-0.125,234,-22.9,-8,-38.5,77.3,-19.9,2,2,39.64,35.77281,-78.6779,263.5,NaN,,69.46129,,0 / 19,98509,2018-03-12 11:36:55:283
0.867,3.177,8.57,-0.783,2.752,9.38,0.947,0.657,-0.034,-0.2,0.25,-0.498,83,-22.3,-9.3,-36.2,84.3,-17.9,1.7,2,40.45,35.77281,-78.6779,263.5,NaN,,69.46129,,0 / 19,99010,2018-03-12 11:36:55:784
-1.496,2.426,8.317,-0.807,3.137,9.256,-0.634,-1.084,1.402,0.633,-0.162,-0.146,75,-22.5,-7.1,-37.6,82,-16.9,5.3,2,53.18,35.77281,-78.6779,263.5,NaN,,69.46129,,0 / 19,99513,2018-03-12 11:36:56:287
-1.142,3.086,9.342,-0.449,2.635,9.435,-0.396,0.606,1.042,0.029,-0.293,-0.08,92,-26.2,-7.6,-32.1,88.9,-15.6,2.7,2,42.68,35.77281,-78.6779,263.5,NaN,,69.46129,,0 / 19,100009,2018-03-12 11:36:56:783
0.381,2.909,8.934,-0.131,2.843,9.385,0.356,-0.092,-0.276,0.126,-0.059,-0.203,189,-27.1,-9.5,-33.6,88,-16.5,0.5,2,41.46,35.77281,-78.6779,263.5,NaN,,69.46129,,0 / 19,100509,2018-03-12 11:36:57:283
-0.153,3.913,9.417,-0.38,2.615,9.444,-0.192,-0.405,2.989,0.077,0.107,-0.03,184,-28.4,-10.4,-31.5,91.4,-16.3,0.5,2,41.28,35.77281,-78.6779,263.5,NaN,,69.46129,,0 / 19,101010,2018-03-12 11:36:57:784
-0.549,2.825,8.52,-0.524,2.969,9.332,-0.432,0.173,-0.93,-0.243,-0.304,-0.159,123,-27.4,-16.3,-29.6,102.5,-18,2.2,2,40.57,35.77281,-78.6779,263.5,NaN,,69.46129,,0 / 19,101510,2018-03-12 11:36:58:284
0.836,1.349,9.528,0.506,2.71,9.411,1.651,-1.466,0.087,0.314,-0.504,-1.09,146,-27.7,-19.4,-26.6,114.6,-12.4,-0.7,2,41.58,35.77281,-78.6779,263.5,NaN,,69.46129,,0 / 19,102010,2018-03-12 11:36:58:784
3.489,2.093,9.622,0.494,3.581,9.116,0.022,-1.09,0.493,0.03,-0.013,-1.656,90,-21.8,-25.6,-20.7,131,-20,-8.5,2,43.52,35.77281,-78.6779,263.5,NaN,,69.46129,,0 / 19,102509,2018-03-12 11:36:59:283
-1.203,2.545,11.372,-0.232,3.535,9.144,-1.149,-1.096,-0.66,-0.424,-0.537,-1.399,134,2.6,-27.4,-14.6,187.6,-21.1,1.5,2,45.6,35.77281,-78.6779,263.5,NaN,,69.46129,,0 / 19,103010,2018-03-12 11:36:59:784
-0.294,3.824,8.431,0.412,2.972,9.336,0.014,0.81,-0.915,-0.112,-0.924,-1.162,179,25.8,-18.8,-18.5,244.8,-18,-0.2,2,45.98,35.77281,-78.6779,263.5,NaN,,69.46129,,0 / 19,103510,2018-03-12 11:37:00:284
0.54,2.86,9.32,0.79,2.998,9.304,-0.429,0.076,-0.418,-0.208,-0.338,-0.625,52,21.6,-4.1,-27.8,279.9,-18,-4.8,2,42.83,35.77281,-78.6779,263.5,NaN,,69.46129,,0 / 19,104010,2018-03-12 11:37:00:784
0.213,2.966,9.379,0.192,3.116,9.296,0.072,-0.13,0.047,0.273,0.181,0.361,65,24.4,-5.4,-30.2,278.8,-17.7,-3.2,0,42.16,35.77281,-78.6779,263.5,NaN,,69.46129,,0 / 19,104509,2018-03-12 11:37:01:283
-0.085,2.67,8.426,0.436,2.726,9.41,0.144,0.443,2.909,-0.058,0.495,-0.044,89,24.6,-5.2,-29.6,276.9,-16.1,-2.7,2,42.5,35.77281,-78.6779,263.5,NaN,,69.46129,,0 / 19,105009,2018-03-12 11:37:01:783
0.381,3.154,8.913,0.12,3.011,9.332,0.6,0.245,-1.112,-0.062,-0.06,0.188,78,22.3,-5.2,-23.4,275.7,-17.9,-0.7,2,40.27,35.77281,-78.6779,263.5,NaN,,69.46129,,0 / 19,105510,2018-03-12 11:37:02:284
0.813,2.311,12.281,0.285,3.026,9.324,-0.236,-0.682,-1.756,0.281,-0.029,0.566,96,25.3,-7,-23.1,270.4,-18,-1.8,2,40.4,35.77281,-78.6779,263.5,NaN,,69.46129,,0 / 19,106010,2018-03-12 11:37:02:784
0.972,3.721,9.817,0.906,2.693,9.386,0.021,1.031,0.38,-0.302,-0.294,-0.569,86,20.2,-5.6,-22.4,270.7,-17.2,-4.4,2,40.04,35.77281,-78.6779,263.5,NaN,,69.46129,,0 / 19,106510,2018-03-12 11:37:03:284
1.263,2.8,7.229,0.64,2.451,9.474,0.159,0.762,-0.066,-0.387,0.028,-0.188,84,22.4,0.2,-25.8,286,-16.6,-4.7,2,40.22,35.77281,-78.6779,263.5,NaN,,69.46129,,0 / 19,107010,2018-03-12 11:37:03:784
0.466,1.952,8.654,0.169,3.024,9.327,-0.387,-1.227,-0.852,-0.171,0.173,0.022,122,22.4,-3.9,-28.3,277.7,-14.5,-0.9,2,63.13,35.77281,-78.6779,263.5,NaN,,69.46129,,0 / 19,107509,2018-03-12 11:37:04:283
-0.353,3.853,10.01,1.043,2.231,9.492,0.248,-0.777,3.625,-0.108,0.38,0.045,181,16.1,-5.1,-36,278.2,-13.1,-6.3,2,60.14,35.77281,-78.6779,263.5,NaN,,69.46129,,0 / 19,108009,2018-03-12 11:37:04:783
1.34,3.694,10.649,0.705,2.953,9.325,0.522,1.016,0.81,0.255,-0.031,0.378,340,16.6,-11.3,-40.7,269.5,-15.2,-3.5,2,45.06,35.77281,-78.6779,263.5,NaN,,69.46129,,0 / 19,108510,2018-03-12 11:37:05:284
-0.392,3.288,8.882,0.674,3.103,9.278,-0.582,-0.106,-1.604,-0.053,-0.263,0.132,511,6.8,-19.9,-41.4,238.1,-18.4,-4.2,2,41.55,35.77281,-78.6779,263.5,NaN,,69.46129,,0 / 19,109009,2018-03-12 11:37:05:783
1.116,3.209,8.005,0.792,3.566,9.101,-0.138,-0.623,-0.16,0.317,-0.06,0.024,619,7.1,-27.3,-36.8,217.2,-19,-5.4,2,39.85,35.77281,-78.6779,263.5,NaN,,69.46129,,0 / 19,109509,2018-03-12 11:37:06:283
-0.075,3.155,10.255,0.148,3.317,9.227,-0.788,-0.287,0.842,0.229,0.951,0.315,822,7.5,-30.1,-33.4,206.5,-19.8,-0.9,2,38.91,35.77281,-78.6779,263.5,NaN,,69.46129,,0 / 19,110010,2018-03-12 11:37:06:784
1.106,3.237,10.071,0.896,2.736,9.375,0.503,-0.302,1.587,-0.553,-0.263,-0.301,811,1.6,-32.2,-33.5,195.8,-18.4,-6.1,2,40.57,35.77281,-78.6779,263.5,NaN,,69.46129,,0 / 19,110509,2018-03-12 11:37:07:283
0.619,2.896,9.501,1.066,2.695,9.368,0.983,0.504,0.405,-0.216,-1.06,0.526,703,-1.8,-28.8,-29.8,184.1,-16,-6.5,2,40.97,35.77281,-78.6779,263.5,NaN,,69.46129,,0 / 19,111010,2018-03-12 11:37:07:784
1.555,2.4,10.276,1.436,3.17,9.168,0.202,-0.159,-1.102,0.383,0.437,0.355,234,0.1,-31.9,-22.2,191.2,-15.6,-13,2,42.28,35.77281,-78.6779,263.5,NaN,,69.46129,,0 / 19,111510,2018-03-12 11:37:08:284
-1.331,4.199,10.915,-0.763,4.395,8.733,0.859,-1.233,-1.073,0.491,1.382,-0.591,40,0.9,-33.9,-17.7,183.5,-24.9,-1.4,2,40.95,35.77281,-78.6779,263.5,NaN,,69.46129,,0 / 19,112009,2018-03-12 11:37:08:783
-0.534,3.283,8.697,-0.561,3.871,8.993,-0.113,-0.642,0.247,-0.451,0.096,0.855,37,-4,-30.6,-19.9,167.4,-22.8,1.9,2,51.9,35.77281,-78.6779,263.5,NaN,,69.46129,,0 / 19,112510,2018-03-12 11:37:09:284
-0.477,3.885,8.183,-0.567,4.019,8.927,0.357,-1.233,0.099,0.042,-0.104,-0.465,54,-4.8,-27.7,-19.4,160.9,-24.2,3.6,2,48.16,35.77281,-78.6779,263.5,NaN,,69.46129,,0 / 19,113010,2018-03-12 11:37:09:784
0.097,4.723,8.596,-0.334,3.839,9.018,0.616,0.61,-0.758,0.044,0.313,0.04,10,-8.1,-26.7,-16.7,154.1,-22.9,3.3,2,48.89,35.77281,-78.6779,263.5,NaN,,69.46129,,0 / 19,113510,2018-03-12 11:37:10:284
-0.155,3.834,9.395,-0.099,3.752,9.06,0.306,0.228,0.347,-0.034,0.01,0.245,15,-4.9,-25.7,-18.8,162.8,-22.5,0.6,2,44.85,35.77281,-78.6779,263.5,NaN,,69.46129,,0 / 19,114011,2018-03-12 11:37:10:785
-0.692,6.234,6.587,0.031,4.581,8.671,-0.314,2.221,-0.083,0.758,1.1,0.209,34,-9.1,-26.3,-15.9,152.6,-24.4,-0.6,2,45.99,35.77281,-78.6779,263.5,NaN,,69.46129,,0 / 19,114510,2018-03-12 11:37:11:284
1.46,5.842,7.528,0.472,4.051,8.918,0.707,1.759,-0.804,-0.21,0.338,-0.239,22,-7.1,-24.6,-14.1,155.4,-29.7,-1.1,2,46.28,35.77281,-78.6779,263.5,NaN,,69.46129,,0 / 19,115009,2018-03-12 11:37:11:783
0.43,4.321,8.004,0.086,3.916,8.991,-0.029,1.407,-0.209,-0.496,-0.049,0.034,34,-7.7,-24.1,-11.4,155,-26.2,-1.3,2,40.63,35.77281,-78.6779,263.5,NaN,,69.46129,,0 / 19,115510,2018-03-12 11:37:12:284
0.799,2.324,7.738,0.371,4.307,8.802,-0.541,-1.393,-0.434,-0.114,-0.367,1.102,39,-10,-18.2,-13.5,136.3,-26.1,-2.4,2,41.98,35.77281,-78.6779,263.5,NaN,,69.46129,,0 / 19,116009,2018-03-12 11:37:12:783
0.891,3.695,9.243,-0.237,4.197,8.86,1.668,-0.204,-1.117,0.597,0.33,0.063,28,-10.9,-15.5,-18.3,125.4,-20.8,-1.1,2,41.06,35.77281,-78.6779,263.5,NaN,,69.46129,,0 / 19,116511,2018-03-12 11:37:13:285
-0.432,2.45,13.098,0.616,4.579,8.65,-1.719,-0.281,4.041,-0.446,-0.036,1.443,30,-10.5,-17.5,-20.9,114.7,-29.8,1.6,2,40.13,35.77281,-78.6779,263.5,NaN,,69.46129,,0 / 19,117010,2018-03-12 11:37:13:784
1.032,5.352,7.108,0.623,5.221,8.278,-0.273,0.396,-0.75,-0.013,0.45,0.178,30,-11,-19.4,-21.4,115.6,-32.2,-4.3,2,40.8,35.77281,-78.6779,263.5,NaN,,69.46129,,0 / 19,117511,2018-03-12 11:37:14:285
0.438,4.818,7.617,0.159,4.728,8.59,0.32,0.01,-0.87,-0.11,-0.014,-0.158,55,-7.9,-24.3,-19.4,147,-28.8,-1.1,2,59.48,35.77281,-78.6779,263.5,NaN,,69.46129,,0 / 19,118010,2018-03-12 11:37:14:784
-1.042,5.174,8.397,-0.121,4.932,8.476,-0.052,-0.736,-0.105,-0.065,-0.005,0.453,113,-4.5,-25.1,-15.8,159.9,-27.9,1.4,2,55.89,35.77281,-78.6779,263.5,NaN,,69.46129,,0 / 19,118509,2018-03-12 11:37:15:283
-0.141,7.061,9.427,0.33,5.2,8.308,-0.809,0.948,2.157,0.196,0.194,0.209,173,-1.6,-29.3,-12.2,175.2,-32,-2.3,2,43.84,35.77281,-78.6779,263.5,NaN,,69.46129,,0 / 19,119009,2018-03-12 11:37:15:783
0.055,6.29,9.05,0.147,5.403,8.183,-0.155,0.465,1.409,-0.194,0.515,0.682,228,-0.2,-31.9,-13.8,182.3,-34.7,-3,2,41.88,35.77281,-78.6779,263.5,NaN,,69.46129,,0 / 19,119511,2018-03-12 11:37:16:285
-1.111,5.363,7.194,0.117,5.93,7.81,-0.392,-1.073,0.438,0.278,0.861,1.192,182,-15,-29.4,-11.6,139.7,-33.7,-1.8,2,41,35.77281,-78.6779,263.5,NaN,,69.46129,,0 / 19,120010,2018-03-12 11:37:16:784
0.981,4.642,9.235,0.253,5.584,8.057,0.689,-0.675,0.605,-0.351,0.376,0.739,52,-19.5,-21.8,-14.2,114.3,-37.4,-4.9,2,42.22,35.77281,-78.6779,263.5,NaN,,69.46129,,0 / 19,120510,2018-03-12 11:37:17:284
1.727,5.832,8.028,0.384,5.533,8.088,-1.915,-1.705,3.679,0.233,0.52,1.66,68,-20,-8.1,-26.1,65.4,-34.3,-2.7,2,40.74,35.77281,-78.6779,263.5,NaN,,69.46129,,0 / 19,121009,2018-03-12 11:37:17:783
0.084,5.761,7.416,1.047,5.545,8.02,-1.225,0.232,-0.479,-0.06,0.364,1.115,226,-12.5,-1.6,-32.8,26.9,-35.7,-4.8,2,39.31,35.77281,-78.6779,263.5,NaN,,69.46129,,0 / 19,121510,2018-03-12 11:37:18:284
0.154,3.75,7.155,-0.111,4.485,8.72,0.223,-0.901,-1.244,-0.098,0.93,0.605,302,2.2,-3.4,-35.6,342.2,-28.1,-4.1,2,40.7,35.77281,-78.6779,263.5,NaN,,69.46129,,0 / 19,122009,2018-03-12 11:37:18:783
0.453,6.008,11.559,0.53,4.922,8.465,-1.449,2.462,3.727,0.379,-0.729,0.94,219,7.5,-7.8,-33.9,314.5,-24.7,-0.1,2,40.55,35.77281,-78.6779,263.5,NaN,,69.46129,,0 / 19,122510,2018-03-12 11:37:19:284
0.087,5.072,9.707,0.467,4.436,8.733,-0.016,0.545,0.553,-0.084,0.045,0.026,65,10.3,-16.4,-30.2,267.4,-27.4,-1.3,2,39.73,35.77281,-78.6779,263.5,NaN,,69.46129,,0 / 19,123009,2018-03-12 11:37:19:783
1.178,3.895,6.783,-0.171,4.125,8.895,0.179,0.86,-1.626,-0.15,0.072,0.071,52,14.7,-17.5,-24.4,251.6,-27.2,-2,2,40.54,35.77281,-78.6779,263.5,NaN,,69.46129,,0 / 19,123510,2018-03-12 11:37:20:284
-0.135,4.439,6.811,0.052,4.84,8.529,-0.226,-0.209,-1.378,-0.337,-0.146,-0.078,39,13.3,-14.9,-23.7,264.6,-29.6,-0.4,2,40.15,35.77281,-78.6779,263.5,NaN,,69.46129,,0 / 19,124009,2018-03-12 11:37:20:783
1.391,3.382,10.524,0.242,4.751,8.575,0.946,-1.252,1.757,0.162,-0.174,-0.274,37,13.4,-11.9,-24.9,276,-29.1,-1.8,2,39.31,35.77281,-78.6779,263.5,NaN,,69.46129,,0 / 19,124510,2018-03-12 11:37:21:284
-1.834,4.689,7.569,-0.381,4.9,8.486,-0.709,-0.414,3.841,0.113,0.245,0.334,25,10.7,-9.9,-28.8,295.4,-27.7,1.7,2,42.48,35.77281,-78.6779,263.5,NaN,,69.46129,,0 / 19,125009,2018-03-12 11:37:21:783
0.769,5.062,8.603,0.705,4.258,8.806,-0.424,1.383,1.02,-0.448,0.511,-0.383,45,7.9,-8.4,-31.1,314,-29.2,-0.7,2,41.11,35.77281,-78.6779,263.5,NaN,,69.46129,,0 / 19,125510,2018-03-12 11:37:22:284
0.46,4.041,8.087,0.039,4.082,8.916,0.458,0.73,0.869,-0.024,-0.023,0.237,110,8.3,-9.4,-31.4,298.1,-24.3,-0.8,2,39.75,35.77281,-78.6779,263.5,NaN,,69.46129,,0 / 19,126010,2018-03-12 11:37:22:784
0.67,3.474,6.222,0.53,4.03,8.925,0.231,-0.563,-2.288,-0.179,-0.18,-0.279,343,5.8,-11.4,-29.1,289.4,-25.2,-1.3,2,39.77,35.77281,-78.6779,263.5,NaN,,69.46129,,0 / 19,126509,2018-03-12 11:37:23:283
0.158,4.033,8.095,0.373,4.353,8.78,-0.22,0.305,-1.704,-0.012,0.121,0.257,523,5.1,-9.6,-27.9,296.7,-26,-2.7,2,40.9,35.77281,-78.6779,263.5,NaN,,69.46129,,0 / 19,127009,2018-03-12 11:37:23:783
-0.538,4.15,8.497,0.316,4.573,8.67,-0.503,-0.78,1.372,0.162,0.094,0.509,560,6.5,-6.7,-25.7,307.3,-28.1,-1.8,2,40.41,35.77281,-78.6779,263.5,NaN,,69.46129,,0 / 19,127510,2018-03-12 11:37:24:284
0.006,5.808,10.765,0.227,4.639,8.637,-0.463,0.357,2.397,-0.261,0.335,-0.082,297,4.2,-3.2,-24.8,333,-28.2,-1.5,2,39,35.77281,-78.6779,263.5,NaN,,69.46129,,0 / 19,128009,2018-03-12 11:37:24:783
0.163,5.593,8.368,0.077,4.653,8.632,-0.07,0.592,1.351,-0.357,0.604,0.335,166,8.8,-1.1,-26.7,324.3,-29.6,0.1,2,40.59,35.77281,-78.6779,263.5,NaN,,69.46129,,0 / 19,128510,2018-03-12 11:37:25:284
-0.307,4.149,7.265,-0.315,4.792,8.551,-0.264,-0.19,-1.017,-0.055,0.017,-0.229,78,15.2,4.4,-31.2,323.8,-29.2,2.1,2,41.12,35.77281,-78.6779,263.5,NaN,,69.46129,,0 / 19,129010,2018-03-12 11:37:25:784
1.615,3.452,7.981,0.035,4.68,8.618,0.777,-0.311,-1.407,0.127,0.155,-0.33,39,12.4,9.9,-37.4,334.3,-27,-0.5,2,40.3,35.77281,-78.6779,263.5,NaN,,69.46129,,0 / 19,129510,2018-03-12 11:37:26:284
-0.335,4.767,8.283,0.132,4.877,8.507,0.326,-0.414,-1.185,-0.161,-0.265,0.306,27,12.2,7.8,-49.5,340.5,-29.5,1.1,2,42.58,35.77281,-78.6779,263.5,NaN,,69.46129,,0 / 19,130010,2018-03-12 11:37:26:784
